"BRC_NAMES","BRC_NUMBER","AMALG_BRC_NAME","AMALG_BRC_CODE","GROWTH_FORM"
"Abies alba",9202395,"Abies sp.",9204658,"w"
"Abies grandis",9202396,"Abies sp.",9204658,"w"
"Abies procera",9202397,"Abies sp.",9204658,"w"
"Abies sp.",9204658,"Abies sp.",9204658,"w"
"Acer campestre",9203,"Acer campestre",9203,"w"
"Acer platanoides",9204,"Acer platanoides",9204,"w"
"Acer pseudoplatanus",9205,"Acer pseudoplatanus",9205,"w"
"Acer seedling/sp",9204661,"Acer seedling/sp",9204661,"w"
"Acer sp.",200001601,"Acer seedling/sp",9204661,"w"
"Achillea millefolium",9207,"Achillea millefolium",9207,"f"
"Achillea ptarmica",9209,"Achillea ptarmica",9209,"f"
"Aconitum napellus",92014,"Aconitum napellus",92014,"f"
"Actaea spicata",92016,"Actaea spicata",92016,"f"
"Adoxa moschatellina",92019,"Adoxa moschatellina",92019,"f"
"Aegopodium podagraria",92020,"Aegopodium podagraria",92020,"f"
"Aesculus hippocastanum",9202241,"Aesculus hippocastanum",9202241,"w"
"Agrimonia eupatoria",92022,"Agrimonia eupatoria",92022,"f"
"Agrostis canina sens.lat.",92035,"Agrostis canina sens.lat.",92035,"g"
"Agrostis canina sens.str.",92035.2,"Agrostis canina sens.lat.",92035,"g"
"Agrostis capillaris",92040,"Agrostis capillaris",92040,"g"
"Agrostis curtisii",92038,"Agrostis curtisii",92038,"g"
"Agrostis gigantea",92036,"Agrostis gigantea",92036,"g"
"Agrostis sp.",9204579,"Agrostis sp.",9204579,"g"
"Agrostis stolonifera",92039,"Agrostis stolonifera",92039,"g"
"Agrostis vinealis",92035.1,"Agrostis vinealis",92035.1,"g"
"Aira praecox",92042,"Aira praecox",92042,"g"
"Ajuga reptans",92046,"Ajuga reptans",92046,"f"
"Alcea rosea",92088,"Alcea rosea",92088,"f"
"Alchemilla alpina",92048,"Alchemilla alpina",92048,"f"
"Alchemilla filicaulis",9204480,"Alchemilla filicaulis",9204480,"f"
"Alchemilla glabra",92051,"Alchemilla glabra",92051,"f"
"Alchemilla mollis",9202255,"Alchemilla mollis",9202255,"f"
"Alchemilla sp.",9204679,"Alchemilla sp.",9204679,"f"
"Alchemilla vulgaris agg.",92058,"Alchemilla vulgaris agg.",92058,"f"
"Alisma plantago-aquatica",92063,"Alisma plantago-aquatica",92063,"aq"
"Alliaria petiolata",92064,"Alliaria petiolata",92064,"f"
"Allium ampeloprasum",9208283,"Allium ampeloprasum",9208283,"f"
"Allium cepa",9209184,"Allium cepa",9209184,"m"
"Allium paradoxum",92069,"Allium paradoxum",92069,"f"
"Allium roseum",92070,"Allium roseum",92070,"f"
"Allium ursinum",92075,"Allium ursinum",92075,"m"
"Alnus glutinosa",92077,"Alnus glutinosa",92077,"w"
"Alnus sp.",200001602,"Alnus sp.",200001602,"w"
"Alopecurus bulbosus",92081,"Alopecurus bulbosus",92081,"g"
"Alopecurus geniculatus",92082,"Alopecurus geniculatus",92082,"g"
"Alopecurus myosuroides",92084,"Alopecurus myosuroides",92084,"g"
"Alopecurus pratensis",92085,"Alopecurus pratensis",92085,"g"
"Althaea officinalis",92087,"Althaea officinalis",92087,"f"
"Amblystegium riparium",820366,"Amblystegium riparium",820366,"b"
"Amblystegium serpens",82019,"Amblystegium serpens",82019,"b"
"Anacamptis pyramidalis",92098,"Anacamptis pyramidalis",92098,"m"
"Anagallis arvensis",92099,"Anagallis arvensis",92099,"f"
"Anagallis minima",920456,"Anagallis minima",920456,"f"
"Anagallis tenella",920100,"Anagallis tenella",920100,"f"
"Anaphalis margaritacea",920101,"Anaphalis margaritacea",920101,"b"
"Anastrepta orcadensis",810683,"Anastrepta orcadensis",810683,"b"
"Anastrophyllum minutum",810952,"Anastrophyllum minutum",810952,"b"
"Anchusa arvensis",9201218,"Anchusa arvensis",9201218,"f"
"Andraea sp",200001442,"Andraea sp",200001442,"b"
"Anemone nemorosa",920105,"Anemone nemorosa",920105,"f"
"Aneura pinguis",810901,"Aneura pinguis",810901,"b"
"Angelica archangelica",920108,"Angelica archangelica",920108,"f"
"Angelica sylvestris",920109,"Angelica sylvestris",920109,"f"
"Anisantha sterilis",920113,"Anisantha sterilis",920113,"g"
"Anthoxanthum aristatum",920122,"Anthoxanthum aristatum",920122,"g"
"Anthoxanthum odoratum",920121,"Anthoxanthum odoratum",920121,"g"
"Anthriscus sylvestris",920125,"Anthriscus sylvestris",920125,"f"
"Aphanes arvensis agg.",920131,"Aphanes arvensis agg.",920131,"f"
"Aphanes arvensis sens.str.",920132,"Aphanes arvensis agg.",920131,"f"
"Aphanes inexspectata",920133,"Aphanes arvensis agg.",920131,"f"
"Apium graveolens",920134,"Apium graveolens",920134,"f"
"Apium nodiflorum",920137,"Apium nodiflorum",920137,"f"
"Aquilegia vulgaris",920141,"Aquilegia vulgaris",920141,"f"
"Arabidopsis thaliana",920142,"Arabidopsis thaliana",920142,"f"
"Arabis hirsuta",920146,"Arabis hirsuta",920146,"f"
"Arabis scabra",920147,"Arabis scabra",920147,"f"
"Arbutus unedo",920149,"Arbutus unedo",920149,"w"
"Arctium agg.",920150,"Arctium agg.",920150,"f"
"Arctium lappa",920151,"Arctium agg.",920150,"f"
"Arctium minus",9202405,"Arctium agg.",920150,"f"
"Arctostaphylos uva-ursi",920155,"Arctostaphylos uva-ursi",920155,"w"
"Arenaria ciliata",920158,"Arenaria ciliata",920158,"f"
"Arenaria norvegica subsp.norvegica",920160,"Arenaria norvegica subsp.norvegica",920160,"f"
"Arenaria serpyllifolia",920162,"Arenaria serpyllifolia",920162,"f"
"Arrhenatherum elatius",920169,"Arrhenatherum elatius",920169,"g"
"Artemisia vulgaris",920175,"Artemisia vulgaris",920175,"f"
"Arum maculatum",920176,"Arum maculatum",920176,"m"
"Asplenium adiantum-nigrum",910185.1,"Asplenium adiantum-nigrum",910185.1,"fe"
"Asplenium ruta-muraria",910192,"Asplenium ruta-muraria",910192,"fe"
"Asplenium sp.",9104623,"Asplenium sp.",9104623,"fe"
"Asplenium trichomanes",910194,"Asplenium trichomanes",910194,"fe"
"Aster lanceolatus x novi-belgii (A. x salignus)",920203,"Aster lanceolatus x novi-belgii (A. x salignus)",920203,"f"
"Aster novae-angliae",920200,"Aster novae-angliae",920200,"f"
"Aster tripolium",920204,"Aster tripolium",920204,"f"
"Athyrium distentifolium",910210,"Athyrium distentifolium",910210,"fe"
"Athyrium filix-femina",910211,"Athyrium filix-femina",910211,"fe"
"Athyrium sp.",200001606,"Athyrium sp.",200001606,"fe"
"Atrichum sp.",200001537,"Atrichum sp.",200001537,"b"
"Atrichum undulatum",82040,"Atrichum undulatum",82040,"b"
"Atriplex patula",920218,"Atriplex patula",920218,"f"
"Atropa belladonna",920219,"Atropa belladonna",920219,"f"
"Aulacomnium palustre",82042,"Aulacomnium palustre",82042,"b"
"Avena fatua",920220,"Avena fatua",920220,"g"
"Avena sativa",9202988,"Avena sativa",9202988,"g"
"Azalea spp.",200001691,"Azalea spp.",200001691,"f"
"Barbarea vulgaris",920229,"Barbarea vulgaris",920229,"f"
"Barbilophozia sp.",200001452,"Barbilophozia sp.",200001452,"b"
"Barbula convoluta",82045,"Barbula convoluta",82045,"b"
"Barbula cylindrica",82047,"Barbula cylindrica",82047,"b"
"Barbula sp",200001005,"Barbula sp",200001005,"b"
"Bare ground",20000887.4,"Bare ground",20000887.4,""
"Bare ground/litter/water/rock/mud",20000887.1,"Bare ground",20000887.4,""
"Bazzania sp",200001088,"Bazzania sp",200001088,"b"
"Bazzania tricrenata",810701,"Bazzania tricrenata",810701,"b"
"Bellis perennis",920231,"Bellis perennis",920231,"f"
"Betula pendula",920239,"Betula seedling/sp",9204445,"w"
"Betula pubescens",920240,"Betula seedling/sp",9204445,"w"
"Betula seedling/sp",9204445,"Betula seedling/sp",9204445,"w"
"Blechnum spicant",910244,"Blechnum spicant",910244,"fe"
"Blindia acuta",82069,"Blindia acuta",82069,"b"
"Brachypodium pinnatum",920249,"Brachypodium pinnatum",920249,"g"
"Brachypodium sylvaticum",920250,"Brachypodium sylvaticum",920250,"g"
"Brachythecium albicans",82072,"Brachythecium albicans",82072,"b"
"Brachythecium plumosum",82077,"Brachythecium plumosum",82077,"b"
"Brachythecium rivulare",82080,"Brachythecium rivulare",82080,"b"
"Brachythecium rutabulum",82081,"Brachythecium rutabulum",82081,"b"
"Brachythecium sp.",8201103,"Brachythecium sp.",8201103,"b"
"Brachythecium velutinum",82084,"Brachythecium velutinum",82084,"b"
"Brassica napus",920251,"Brassica napus",920251,"f"
"Brassica oleracea (cultivated)",920253,"Brassica oleracea (cultivated)",920253,"f"
"Brassica rapa",920254,"Brassica rapa",920254,"f"
"Breutelia chrysocoma",82085,"Breutelia chrysocoma",82085,"b"
"Briza media",920256,"Briza media",920256,"g"
"Bromopsis benekenii",920259,"Bromopsis benekenii",920259,"g"
"Bromopsis erecta",920263,"Bromopsis erecta",920263,"g"
"Bromopsis ramosa",920272,"Bromopsis ramosa",920272,"g"
"Bromus hordeaceus",920269,"Bromus hordeaceus",920269,"g"
"Bromus racemosus",920271,"Bromus racemosus",920271,"g"
"Bromus sp.",9204752,"Bromus sp.",9204752,"g"
"Bryonia dioica",920276,"Bryonia dioica",920276,"f"
"Bryophyte sp.",2500,"Bryophyte sp.",2500,"b"
"Bryophyte species A",200001699,"Bryophyte species A",200001699,"b"
"Bryophyte species B",200001700,"Bryophyte species B",200001700,"b"
"Bryophyte species C",200001707,"Bryophyte species C",200001707,"b"
"Bryum capillare",82094,"Bryum capillare",82094,"b"
"Bryum capillaris",8201106,"Bryum capillaris",8201106,"b"
"Bryum pseudotriquetrum",820113,"Bryum pseudotriquetrum",820113,"b"
"Bryum sp.",8201106,"Bryum sp.",8201106,"b"
"Buddleja davidii",920277,"Buddleja davidii",920277,"w"
"Calamagrostis epigejos",920293,"Calamagrostis epigejos",920293,"g"
"Calliergon cuspidatum",8204,"Calliergon cuspidatum",8204,"b"
"Calliergon giganteum",8205,"Calliergon giganteum",8205,"b"
"Calliergon sp",20000861,"Calliergon sp",20000861,"b"
"Calliergon stramineum",8207,"Calliergon stramineum",8207,"b"
"Callitriche seedling/sp",9202249,"Callitriche seedling/sp",9202249,"f"
"Callitriche stagnalis",920307.2,"Callitriche seedling/sp",9202249,"f"
"Callitriche stagnalis s.l.",920307,"Callitriche seedling/sp",9202249,"f"
"Callitriche stagnalis sens.lat.",920307,"Callitriche seedling/sp",9202249,"f"
"Calluna vulgaris",920309,"Calluna vulgaris",920309,"w"
"Caltha palustris",920310,"Caltha palustris",920310,"f"
"Calypogeia arguta",810705,"Calypogeia arguta",810705,"b"
"Calypogeia fissa",810706,"Calypogeia fissa",810706,"b"
"Calypogeia muelleriana",810707,"Calypogeia muelleriana",810707,"b"
"Calypogeia sp",200001087,"Calypogeia sp",200001087,"b"
"Calystegia sepium",920311,"Calystegia sepium",920311,"f"
"Calystegia sp.",200001581,"Calystegia sp.",200001581,"f"
"Campanula glomerata",920315,"Campanula glomerata",920315,"f"
"Campanula latifolia",920316,"Campanula latifolia",920316,"f"
"Campanula rotundifolia",920322,"Campanula rotundifolia",920322,"f"
"Campanula trachelium",920323,"Campanula trachelium",920323,"f"
"Campylium stellatum",8201078,"Campylium stellatum",8201078,"b"
"Campylopus atrovirens",820137,"Campylopus atrovirens",820137,"b"
"Campylopus fragilis",820140,"Campylopus fragilis",820140,"b"
"Campylopus introflexus",820141,"Campylopus introflexus",820141,"b"
"Campylopus paradoxus",820139,"Campylopus paradoxus",820139,"b"
"Campylopus pyriformis",820142,"Campylopus pyriformis",820142,"b"
"Campylopus pyriformis/flexuosa",20000492,"Campylopus pyriformis/flexuosa",20000492,"b"
"Campylopus sp.",8201110,"Campylopus sp.",8201110,"b"
"Capsella bursa-pastoris",920325,"Capsella bursa-pastoris",920325,"f"
"Cardamine amara",920327,"Cardamine amara",920327,"f"
"Cardamine flexuosa",920328,"Cardamine hirsuta/flexuosa",2000070,"f"
"Cardamine hirsuta",920329,"Cardamine hirsuta/flexuosa",2000070,"f"
"Cardamine hirsuta/flexuosa",2000070,"Cardamine hirsuta/flexuosa",2000070,"f"
"Cardamine impatiens",920330,"Cardamine impatiens",920330,"f"
"Cardamine pratensis",920331,"Cardamine pratensis",920331,"f"
"Cardamine sp.",9204771,"Cardamine sp.",9204771,"f"
"Carduus crispus",920335,"Carduus crispus",920335,"f"
"Carex acuta",920340,"Carex acuta",920340,"s"
"Carex acutiformis",920341,"Carex acutiformis",920341,"s"
"Carex bigelowii",920349,"Carex bigelowii",920349,"s"
"Carex binervis",920350,"Carex binervis",920350,"s"
"Carex caryophyllea",920355,"Carex caryophyllea",920355,"s"
"Carex curta",920359,"Carex curta",920359,"s"
"Carex digitata",920364,"Carex digitata",920364,"s"
"Carex dioica",920365,"Carex dioica",920365,"s"
"Carex distans",920366,"Carex distans",920366,"s"
"Carex echinata",920370,"Carex echinata",920370,"s"
"Carex flacca",920376,"Carex flacca",920376,"s"
"Carex hirta",920381,"Carex hirta",920381,"s"
"Carex hostiana",920382,"Carex hostiana",920382,"s"
"Carex laevigata",920385,"Carex laevigata",920385,"s"
"Carex lasiocarpa",920386,"Carex lasiocarpa",920386,"s"
"Carex nigra",920393,"Carex nigra",920393,"s"
"Carex otrubae",920396,"Carex otrubae",920396,"s"
"Carex ovalis",920397,"Carex ovalis",920397,"s"
"Carex pallescens",920399,"Carex pallescens",920399,"s"
"Carex panicea",920400,"Carex panicea",920400,"s"
"Carex paniculata",920401,"Carex paniculata",920401,"s"
"Carex pauciflora",920402,"Carex pauciflora",920402,"s"
"Carex pendula",920404,"Carex pendula",920404,"s"
"Carex pilulifera",920405,"Carex pilulifera",920405,"s"
"Carex pseudocyperus",920407,"Carex pseudocyperus",920407,"s"
"Carex pulicaris",920408,"Carex pulicaris",920408,"s"
"Carex pulicaris/serotina",2000087,"Carex pulicaris",920408,"s"
"Carex remota",920412,"Carex remota",920412,"s"
"Carex riparia",920413,"Carex riparia",920413,"s"
"Carex rostrata",920414,"Carex rostrata",920414,"s"
"Carex seedling/sp",9204583,"Carex seedling/sp",9204583,"s"
"Carex strigosa",920420,"Carex strigosa",920420,"s"
"Carex sylvatica",920421,"Carex sylvatica",920421,"s"
"Carex vaginata",920423,"Carex vaginata",920423,"s"
"Carex vesicaria",920424,"Carex vesicaria",920424,"s"
"Carex viridula",9207117,"Carex viridula",9207117,"s"
"Carex viridula subsp.brachyrrhyncha",920387,"Carex viridula subsp.brachyrrhyncha",920387,"s"
"Carex viridula subsp.oedocarpa",920361,"Carex viridula subsp.oedocarpa",920361,"s"
"Carex viridula subsp.viridula",9207118,"Carex viridula subsp.viridula",9207118,"s"
"Carlina vulgaris",920427,"Carlina vulgaris",920427,"f"
"Carpinus betulus",920428,"Carpinus betulus",920428,"w"
"Carum verticillatum",920431,"Carum verticillatum",920431,"f"
"Castanea sativa",920432,"Castanea sativa",920432,"w"
"Catapodium rigidum",920435,"Catapodium rigidum",920435,"g"
"Centaurea nigra",920444,"Centaurea nigra",920444,"f"
"Centaurium erythraea",9205486,"Centaurium erythraea",9205486,"f"
"Centranthus ruber",920455,"Centranthus ruber",920455,"f"
"Cephalanthera damasonium",920457,"Cephalanthera damasonium",920457,"f"
"Cephalanthera longifolia",920458,"Cephalanthera longifolia",920458,"m"
"Cephalozia bicuspidata",810714,"Cephalozia bicuspidata",810714,"b"
"Cephalozia lunulifolia",810721,"Cephalozia lunulifolia",810721,"b"
"Cephalozia sp.",8101276,"Cephalozia sp.",8101276,"b"
"Cephaloziella divaricata",810732,"Cephaloziella divaricata",810732,"b"
"Cephaloziella sp.",8101277,"Cephaloziella sp.",8101277,"b"
"Cerastium fontanum",920467,"Cerastium fontanum",920467,"f"
"Cerastium glomeratum",920466,"Cerastium glomeratum",920466,"f"
"Cerastium sp.",9204524,"Cerastium sp.",9204524,"f"
"Ceratocapnos claviculata",920555,"Ceratocapnos claviculata",920555,"f"
"Ceratodon purpureus",820151,"Ceratodon purpureus",820151,"b"
"Ceratophyllum demersum",920471,"Ceratophyllum demersum",920471,"f"
"Chaerophyllum temulum",920476,"Chaerophyllum temulum",920476,"f"
"Chamaecyparis lawsoniana",9202398,"Chamaecyparis lawsoniana",9202398,"w"
"Chamaecyparis sp.",200001612,"Chamaecyparis sp.",200001612,"w"
"Chamaemelum nobile",920119,"Chamaemelum nobile",920119,"f"
"Chamerion angustifolium",920477,"Chamerion angustifolium",920477,"f"
"Chelidonium majus",920480,"Chelidonium majus",920480,"f"
"Chenopodium album agg.",920481,"Chenopodium sp.",9204525,"f"
"Chenopodium album/polyspermum",200001582,"Chenopodium sp.",9204525,"f"
"Chenopodium ficifolium",920487,"Chenopodium sp.",9204525,"f"
"Chenopodium polyspermum",920493,"Chenopodium sp.",9204525,"f"
"Chenopodium rubrum",920496,"Chenopodium sp.",9204525,"f"
"Chenopodium sp.",9204525,"Chenopodium sp.",9204525,"f"
"Chiloscyphus polyanthos",810986,"Chiloscyphus polyanthos",810986,"b"
"Chrysosplenium alternifolium",920505,"Chrysosplenium alternifolium",920505,"f"
"Chrysosplenium oppositifolium",920506,"Chrysosplenium oppositifolium",920506,"f"
"Cicuta virosa",920510,"Cicuta virosa",920510,"f"
"Circaea alpina",920511,"Circaea alpina",920511,"f"
"Circaea lutetiana",920513,"Circaea lutetiana",920513,"f"
"Circaea sp.",200001613,"Circaea sp.",200001613,"f"
"Cirriphyllum piliferum",820157,"Cirriphyllum piliferum",820157,"b"
"Cirsium arvense",920515,"Cirsium arvense",920515,"f"
"Cirsium heterophyllum",920518,"Cirsium heterophyllum",920518,"f"
"Cirsium palustre",920520,"Cirsium palustre",920520,"f"
"Cirsium sp.",9204807,"Cirsium sp.",9204807,"f"
"Cirsium vulgare",920522,"Cirsium vulgare",920522,"f"
"Cladonia arbuscula",5502860,"Cladonia sp.",5505962,"l"
"Cladonia chlorophaea",5502870,"Cladonia sp.",5505962,"l"
"Cladonia coccifera",5502873,"Cladonia sp.",5505962,"l"
"Cladonia coniocraea",5502874,"Cladonia sp.",5505962,"l"
"Cladonia furcata",5502888,"Cladonia sp.",5505962,"l"
"Cladonia impexa",5505304,"Cladonia sp.",5505962,"l"
"Cladonia polydactyla",5502909,"Cladonia sp.",5505962,"l"
"Cladonia portentosa",5502910,"Cladonia sp.",5505962,"l"
"Cladonia pyxidata/coccifera",20000106,"Cladonia sp.",5505962,"l"
"Cladonia rangiformis",5502915,"Cladonia sp.",5505962,"l"
"Cladonia sp.",5505962,"Cladonia sp.",5505962,"l"
"Cladonia squamosa",5502919,"Cladonia sp.",5505962,"l"
"Cladonia uncialis",5502931,"Cladonia sp.",5505962,"l"
"Claytonia perfoliata",920525,"Claytonia perfoliata",920525,"f"
"Claytonia sibirica",920524,"Claytonia sibirica",920524,"f"
"Clematis vitalba",920528,"Clematis vitalba",920528,"w"
"Climacium dendroides",820158,"Climacium dendroides",820158,"b"
"Clinopodium vulgare",920530,"Clinopodium vulgare",920530,"f"
"Cochlearia micacea",920534,"Cochlearia micacea",920534,"f"
"Colchicum autumnale",920538,"Colchicum autumnale",920538,"m"
"Conocephalum conicum",810745,"Conocephalum conicum",810745,"b"
"Conopodium majus",920541,"Conopodium majus",920541,"f"
"Convallaria majalis",920543,"Convallaria majalis",920543,"m"
"Convolvulus arvensis",920544,"Convolvulus arvensis",920544,"f"
"Cornus alba",920547,"Cornus alba",920547,"w"
"Cornus sanguinea",920548,"Cornus sanguinea",920548,"w"
"Coronopus didymus",920551,"Coronopus didymus",920551,"f"
"Corydalis sp.",9204831,"Corydalis sp.",9204831,"f"
"Corylus avellana",920557,"Corylus avellana",920557,"w"
"Cotoneaster integrifolius",920562,"Cotoneaster integrifolius",920562,"w"
"Cotoneaster sp.",9204526,"Cotoneaster sp.",9204526,"w"
"Crataegus laevigata",920570,"Crataegus laevigata",920570,"w"
"Crataegus laevigata x monogyna (C. x macrocarpa)",920568,"Crataegus laevigata x monogyna (C. x macrocarpa)",920568,"w"
"Crataegus monogyna",920569,"Crataegus monogyna",920569,"w"
"Crataegus sp.",9204837,"Crataegus sp.",9204837,"w"
"Cratoneuron commutatum",820161,"Cratoneuron commutatum",820161,"b"
"Cratoneuron filicinum",820163,"Cratoneuron filicinum",820163,"b"
"Crepis capillaris",920572,"Crepis capillaris",920572,"f"
"Crepis paludosa",920576,"Crepis paludosa",920576,"f"
"Crepis sp.",9204527,"Crepis sp.",9204527,"f"
"Crepis vesicaria",920578,"Crepis vesicaria",920578,"f"
"Cruciata laevipes",920875,"Cruciata laevipes",920875,"f"
"Cryptogramma crispa",910586,"Cryptogramma crispa",910586,"fe"
"Ctenidium molluscum",820166,"Ctenidium molluscum",820166,"b"
"Cupressus sp.",9204842,"Cupressus sp.",9204842,"w"
"Cymbalaria muralis",920592,"Cymbalaria muralis",920592,"f"
"Cynoglossum germanicum",920595,"Cynoglossum germanicum",920595,"f"
"Cynoglossum officinale",920596,"Cynoglossum officinale",920596,"f"
"Cynosurus cristatus",920597,"Cynosurus cristatus",920597,"g"
"Cytisus scoparius",9201822,"Cytisus scoparius",9201822,"w"
"Dactylis glomerata",920607,"Dactylis glomerata",920607,"g"
"Dactylorhiza fuchsii",920608,"Dactylorhiza sp.",9204528,"m"
"Dactylorhiza maculata",920610,"Dactylorhiza sp.",9204528,"m"
"Dactylorhiza purpurella",920613,"Dactylorhiza sp.",9204528,"m"
"Dactylorhiza sp.",9204528,"Dactylorhiza sp.",9204528,"m"
"Danthonia decumbens",9201915,"Danthonia decumbens",9201915,"g"
"Daphne laureola",920617,"Daphne laureola",920617,"w"
"Daphne mezereum",920618,"Daphne mezereum",920618,"w"
"Deschampsia cespitosa",920627,"Deschampsia cespitosa",920627,"g"
"Deschampsia flexuosa",920628,"Deschampsia flexuosa",920628,"g"
"Dichodontium pellucidum sens.lat.",820180,"Dichodontium pellucidum sens.lat.",820180,"b"
"Dicranella heteromalla",820184,"Dicranella heteromalla",820184,"b"
"Dicranella palustris",820187,"Dicranella palustris",820187,"b"
"Dicranella schreberana",820186,"Dicranella schreberana",820186,"b"
"Dicranella sp",20000868,"Dicranella sp",20000868,"b"
"Dicranella staphylina",820674,"Dicranella staphylina",820674,"b"
"Dicranoweisia cirrata",820193,"Dicranoweisia cirrata",820193,"b"
"Dicranum bonjeanii",820197,"Dicranum bonjeanii",820197,"b"
"Dicranum fuscescens",820201,"Dicranum fuscescens",820201,"b"
"Dicranum majus",820203,"Dicranum majus",820203,"b"
"Dicranum scoparium",820206,"Dicranum scoparium",820206,"b"
"Dicranum sp.",8201132,"Dicranum sp.",8201132,"b"
"Digitalis purpurea",920640,"Digitalis purpurea",920640,"f"
"Diphasiastrum alpinum",9101213,"Diphasiastrum alpinum",9101213,"fe"
"Diplophyllum albicans",810747,"Diplophyllum albicans",810747,"b"
"Dipsacus fullonum",920646.1,"Dipsacus fullonum",920646.1,"f"
"Drepanocladus revolvens",820226,"Drepanocladus revolvens",820226,"b"
"Drepanocladus uncinatus",820228,"Drepanocladus uncinatus",820228,"b"
"Drosera longifolia",920654,"Drosera longifolia",920654,"f"
"Drosera rotundifolia",920657,"Drosera rotundifolia",920657,"f"
"Dryopteris aemula",910660,"Dryopteris aemula",910660,"fe"
"Dryopteris affinis",910662,"Dryopteris affinis/f-mas",200004001,"fe"
"Dryopteris carthusiana",910666,"Dryopteris dilatata/carthusiana",200001583,"fe"
"Dryopteris dilatata",910661,"Dryopteris dilatata/carthusiana",200001583,"fe"
"Dryopteris dilatata/carthusiana",200001583,"Dryopteris dilatata/carthusiana",200001583,"fe"
"Dryopteris expansa",9102274,"Dryopteris expansa",9102274,"fe"
"Dryopteris filix-mas",910665,"Dryopteris affinis/f-mas",200004001,"fe"
"Dryopteris sp.",9104634,"Dryopteris sp.",9104634,"fe"
"Eleocharis palustris",920675,"Eleocharis palustris",920675,"m"
"Eleocharis quinqueflora",920677,"Eleocharis quinqueflora",920677,"m"
"Elodea canadensis",920681,"Elodea canadensis",920681,"aq"
"Elymus caninus",9207006,"Elymus caninus",9207006,"g"
"Elytrigia repens",92033,"Elytrigia repens",92033,"g"
"Empetrum nigrum",920684,"Empetrum nigrum",920684,"w"
"Ephemerum serratum",820239,"Ephemerum serratum",820239,"b"
"Epilobium anagallidifolium",920691,"Epilobium anagallidifolium",920691,"f"
"Epilobium brunnescens",920699,"Epilobium brunnescens",920699,"f"
"Epilobium ciliatum",920688,"Epilobium ciliatum",920688,"f"
"Epilobium hirsutum",920692,"Epilobium hirsutum",920692,"f"
"Epilobium montanum",920695,"Epilobium montanum",920695,"f"
"Epilobium obscurum",920696,"Epilobium tetragon/obscurum",200001439,"f"
"Epilobium palustre",920697,"Epilobium palustre",920697,"f"
"Epilobium parviflorum",920698,"Epilobium parviflorum",920698,"f"
"Epilobium roseum",920700,"Epilobium roseum",920700,"f"
"Epilobium sp.",9204530,"Epilobium sp.",9204530,"f"
"Epilobium tetragon/obscurum",200001439,"Epilobium tetragon/obscurum",200001439,"f"
"Epilobium tetragonum",9207292,"Epilobium tetragon/obscurum",200001439,"f"
"Epipactis atrorubens",920702,"Epipactis atrorubens",920702,"m"
"Epipactis helleborine",920705,"Epipactis helleborine",920705,"m"
"Equisetum arvense",910712,"Equisetum arvense",910712,"fe"
"Equisetum fluviatile",910713,"Equisetum fluviatile",910713,"fe"
"Equisetum palustre",910717,"Equisetum palustre",910717,"fe"
"Equisetum sp.",9104635,"Equisetum sp.",9104635,"fe"
"Equisetum sylvaticum",910720,"Equisetum sylvaticum",910720,"fe"
"Equisetum telmateia",910721,"Equisetum telmateia",910721,"fe"
"Equisetum x littorale",910715,"Equisetum x littorale",910715,"fe"
"Erica cinerea",920726,"Erica cinerea",920726,"w"
"Erica tetralix",920731,"Erica tetralix",920731,"w"
"Eriophorum angustifolium",920740,"Eriophorum angustifolium",920740,"m"
"Eriophorum vaginatum",920744,"Eriophorum vaginatum",920744,"m"
"Euonymus europaeus",920762,"Euonymus europaeus",920762,"w"
"Eupatorium cannabinum",920763,"Eupatorium cannabinum",920763,"f"
"Euphorbia agg.",20000158,"Euphorbia agg.",20000158,"f"
"Euphorbia amygdaloides",920764,"Euphorbia amygdaloides",920764,"f"
"Euphorbia peplus",920777,"Euphorbia peplus",920777,"f"
"Euphrasia officinalis agg.",9202243,"Euphrasia officinalis agg.",9202243,"f"
"Eurhynchium praelongum",820249,"Eurhynchium praelongum",820249,"b"
"Eurhynchium pumilum",820529,"Eurhynchium pumilum",820529,"b"
"Eurhynchium striatum",820255,"Eurhynchium striatum",820255,"b"
"Eurhynchium swartzii",820256,"Eurhynchium swartzii",820256,"b"
"Fagus sylvatica",920810,"Fagus sylvatica",920810,"w"
"Fallopia japonica",9201528,"Fallopia japonica",9201528,"f"
"Festuca altissima",920812,"Festuca altissima",920812,"g"
"Festuca arundinacea",920813,"Festuca arundinacea",920813,"g"
"Festuca gigantea",920816,"Festuca gigantea",920816,"g"
"Festuca ovina agg.",920821,"Festuca ovina agg.",920821,"g"
"Festuca ovina/rubra (vegetative)",9204916,"Festuca ovina/rubra (vegetative)",9204916,"g"
"Festuca rubra agg.",920824,"Festuca rubra agg.",920824,"g"
"Festuca sp.",200001182,"Festuca sp.",200001182,"g"
"Festuca vivipara",920826,"Festuca vivipara",920826,"g"
"Filipendula ulmaria",920833,"Filipendula ulmaria",920833,"f"
"Filipendula vulgaris",920834,"Filipendula vulgaris",920834,"f"
"Fissidens adianthoides",820257,"Fissidens adianthoides",820257,"b"
"Fissidens bryoides",820260,"Fissidens bryoides",820260,"b"
"Fissidens dubius",8201147,"Fissidens dubius",8201147,"b"
"Fissidens sp.",8201147,"Fissidens sp.",8201147,"b"
"Fissidens taxifolius",820274,"Fissidens taxifolius",820274,"b"
"Fontinalis antipyretica",820276,"Fontinalis antipyretica",820276,"b"
"Fragaria sp.",200001619,"Fragaria sp.",200001619,"f"
"Fragaria vesca",920838,"Fragaria vesca",920838,"f"
"Frangula alnus",920839,"Frangula alnus",920839,"w"
"Fraxinus excelsior",920841,"Fraxinus excelsior",920841,"w"
"Fraxinus excelsior (c)",920841,"Fraxinus excelsior",920841,"w"
"Fraxinus excelsior (g)",920841,"Fraxinus excelsior",920841,"w"
"Frullania tamarisci",810768,"Frullania tamarisci",810768,"b"
"Fumaria officinalis",920854,"Fumaria officinalis",920854,"f"
"Galeopsis angustifolia",920863,"Galeopsis angustifolia",920863,"f"
"Galeopsis bifida",920864,"Galeopsis bifida",920864,"f"
"Galeopsis sp.",9204931,"Galeopsis sp.",9204931,"f"
"Galeopsis speciosa",920867,"Galeopsis speciosa",920867,"f"
"Galeopsis tetrahit agg.",920868,"Galeopsis tetrahit agg.",920868,"f"
"Galium aparine",920873,"Galium aparine",920873,"f"
"Galium boreale",920874,"Galium boreale",920874,"f"
"Galium mollugo",920879,"Galium mollugo",920879,"f"
"Galium odoratum",920183,"Galium odoratum",920183,"f"
"Galium palustre",920882,"Galium palustre",920882,"f"
"Galium pumilum",920883.1,"Galium pumilum",920883.1,"f"
"Galium saxatile",920878,"Galium saxatile",920878,"f"
"Galium sp.",9204533,"Galium sp.",9204533,"f"
"Galium sterneri",920883.2,"Galium sterneri",920883.2,"f"
"Galium uliginosum",920887,"Galium uliginosum",920887,"f"
"Galium verum",920888,"Galium verum",920888,"f"
"Genista anglica",920891,"Genista anglica",920891,"f"
"Genista tinctoria",920893,"Genista tinctoria",920893,"f"
"Geranium columbinum",920906,"Geranium columbinum",920906,"f"
"Geranium dissectum",920907,"Geranium dissectum",920907,"f"
"Geranium molle",920911,"Geranium molle",920911,"f"
"Geranium pratense",920914,"Geranium pratense",920914,"f"
"Geranium pusillum",920916,"Geranium pusillum",920916,"f"
"Geranium robertianum",920918,"Geranium robertianum",920918,"f"
"Geranium sanguineum",920920,"Geranium sanguineum",920920,"f"
"Geranium sp.",9204535,"Geranium sp.",9204535,"f"
"Geranium sylvaticum",920921,"Geranium sylvaticum",920921,"f"
"Geum rivale",920924,"Geum rivale",920924,"f"
"Geum rivale x urbanum (G. x interme",920923,"Geum rivale x urbanum (G. x intermedium)",920923,"f"
"Geum rivale x urbanum (G. x intermedium)",920923,"Geum rivale x urbanum (G. x intermedium)",920923,"f"
"Geum sp.",200001680,"Geum sp.",200001680,"f"
"Geum urbanum",920925,"Geum urbanum",920925,"f"
"Glechoma hederacea",920931,"Glechoma hederacea",920931,"f"
"Glyceria declinata",920932,"Glyceria declinata",920932,"g"
"Glyceria fluitans",920933,"Glyceria fluitans",920933,"g"
"Glyceria maxima",920934,"Glyceria maxima",920934,"g"
"Glyceria notata",920936,"Glyceria notata",920936,"g"
"Glyceria seedling/sp",9204943,"Glyceria seedling/sp",9204943,"g"
"Gnaphalium sp.",9204944,"Gnaphalium sp.",9204944,"f"
"Gnaphalium uliginosum",920941,"Gnaphalium uliginosum",920941,"f"
"Goodyera repens",920943,"Goodyera repens",920943,"m"
"Gymnadenia conopsea",920948,"Gymnadenia conopsea",920948,"m"
"Gymnocarpium dryopteris",9102050,"Gymnocarpium dryopteris",9102050,"fe"
"Gymnocarpium robertianum",9102054,"Gymnocarpium robertianum",9102054,"fe"
"Hammarbya paludosa",920951,"Hammarbya paludosa",920951,"f"
"Hedera helix",920952,"Hedera helix",920952,"w"
"Helianthemum nummularium",920955,"Helianthemum nummularium",920955,"w"
"Helictotrichon pubescens",920962,"Helictotrichon pubescens",920962,"g"
"Helleborus sp.",200004000,"Helleborus sp.",200004000,"f"
"Heracleum sphondylium",920968,"Heracleum sphondylium",920968,"f"
"Herbertus aduncus",810783,"Herbertus aduncus",810783,"b"
"Heterocladium heteropterum",820331,"Heterocladium heteropterum",820331,"b"
"Hieracium 'indeterminate'",9202560,"Hieracium 'indeterminate'",9202560,"f"
"Holcus lanatus",920983,"Holcus lanatus",920983,"g"
"Holcus mollis",920984,"Holcus mollis",920984,"g"
"Homalothecium sericeum",820128,"Homalothecium sericeum",820128,"b"
"Hookeria lucens",820335,"Hookeria lucens",820335,"b"
"Hordelymus europaeus",920989,"Hordelymus europaeus",920989,"g"
"Hordeum distichon sens.lat.",9204368,"Hordeum distichon sens.lat.",9204368,"g"
"Hordeum sp.",200001626,"Hordeum sp.",200001626,"g"
"Humulus lupulus",920996,"Humulus lupulus",920996,"f"
"Huperzia selago",9101217,"Huperzia selago",9101217,"f"
"Hyacinthoides non-scripta",920687,"Hyacinthoides non-scripta",920687,"m"
"Hydrangea spp.",200001690,"Hydrangea spp.",200001690,"f"
"Hydrocotyle vulgaris",920999,"Hydrocotyle vulgaris",920999,"f"
"Hylocomium brevirostre",820344,"Hylocomium brevirostre",820344,"b"
"Hylocomium splendens",820346,"Hylocomium splendens",820346,"b"
"Hylocomium umbratum",820347,"Hylocomium umbratum",820347,"b"
"Hymenophyllum wilsonii",9101001,"Hymenophyllum wilsonii",9101001,"fe"
"Hyocomium armoricum",820348,"Hyocomium armoricum",820348,"b"
"Hypericum androsaemum",9201003,"Hypericum androsaemum",9201003,"f"
"Hypericum calycinum",9201004,"Hypericum calycinum",9201004,"f"
"Hypericum hirsutum",9201010,"Hypericum hirsutum",9201010,"f"
"Hypericum humifusum",9201011,"Hypericum humifusum",9201011,"f"
"Hypericum maculatum",9201006,"Hypericum maculatum",9201006,"f"
"Hypericum montanum",9201013,"Hypericum montanum",9201013,"f"
"Hypericum perforatum",9201014,"Hypericum perforatum",9201014,"f"
"Hypericum pulchrum",9201015,"Hypericum pulchrum",9201015,"f"
"Hypericum sp.",9204536,"Hypericum sp.",9204536,"f"
"Hypericum tetrapterum",9201016,"Hypericum tetrapterum",9201016,"f"
"Hypnum cupressiforme sens.lat.",820351,"Hypnum cupressiforme sens.lat.",820351,"b"
"Hypnum jutlandicum",820351.2,"Hypnum jutlandicum",820351.2,"b"
"Hypnum mammillatum",820351.5,"Hypnum mammillatum",820351.5,"b"
"Hypnum sp.",8201167,"Hypnum sp.",8201167,"b"
"Hypochaeris radicata",9201020,"Hypochaeris radicata",9201020,"f"
"Hypochoeris spp.",200001584,"Hypochaeris radicata",9201020,"f"
"Hypogymnia physodes",5503050,"Hypogymnia physodes",5503050,"l"
"Hypogymnia sp.",5505982,"Hypogymnia sp.",5505982,"l"
"Ilex aquifolium",9201023,"Ilex aquifolium",9201023,"w"
"Impatiens capensis",9201025,"Impatiens capensis",9201025,"f"
"Impatiens glandulifera",9201026,"Impatiens glandulifera",9201026,"f"
"Impatiens noli-tangere",9201027,"Impatiens noli-tangere",9201027,"f"
"Impatiens parviflora",9201028,"Impatiens parviflora",9201028,"f"
"Impatiens sp.",200001629,"Impatiens sp.",200001629,"f"
"Inula conyzae",9201030,"Inula conyzae",9201030,"f"
"Iris foetidissima",9201036,"Iris foetidissima",9201036,"m"
"Iris pseudacorus",9201038,"Iris pseudacorus",9201038,"m"
"Isolepis setacea",9201047,"Isolepis setacea",9201047,"m"
"Isopterygium elegans",820357,"Isopterygium elegans",820357,"b"
"Isothecium myosuroides",820362,"Isothecium myosuroides",820362,"b"
"Jasione montana",9201048,"Jasione montana",9201048,"f"
"Juglans regia",9201049,"Juglans regia",9201049,"w"
"Juncus acutiflorus",9201050,"Juncus articulatus/acutiflorus",20000228,"m"
"Juncus articulatus",9201054,"Juncus articulatus/acutiflorus",20000228,"m"
"Juncus articulatus/acutiflora",20000228,"Juncus articulatus/acutiflorus",20000228,"m"
"Juncus bufonius sens.lat.",9201057,"Juncus bufonius sens.lat.",9201057,"m"
"Juncus bufonius/bulbosus",200001478,"Juncus bufonius/bulbosus",200001478,"m"
"Juncus bulbosus",9201058,"Juncus bulbosus",9201058,"m"
"Juncus conglomeratus",9201063,"Juncus conglomeratus",9201063,"m"
"Juncus effusus",9201067,"Juncus effusus",9201067,"m"
"Juncus inflexus",9201070,"Juncus inflexus",9201070,"m"
"Juncus sp.",9204586,"Juncus sp.",9204586,"m"
"Juncus squarrosus",9201075,"Juncus squarrosus",9201075,"m"
"Juncus tenuis",9201077,"Juncus tenuis",9201077,"m"
"Jungermannia atrovirens",810947,"Jungermannia atrovirens",810947,"b"
"Juniperus communis",9201080,"Juniperus communis",9201080,"w"
"Knautia arvensis",9201084,"Knautia arvensis",9201084,"f"
"Koeleria macrantha",9201087,"Koeleria macrantha",9201087,"g"
"Kurzia pauciflora",810808,"Kurzia pauciflora",810808,"b"
"Kurzia trichoclados",810810,"Kurzia trichoclados",810810,"b"
"Laburnum anagyroides",9201091,"Laburnum anagyroides",9201091,"w"
"Lamiastrum galeobdolon",920862,"Lamiastrum galeobdolon",920862,"f"
"Lamiastrum galeobdolon subsp. argentatum",9202667,"Lamiastrum galeobdolon subsp. argentatum",9202667,"f"
"Lamium album",9201098,"Lamium album",9201098,"f"
"Lamium purpureum",9201103,"Lamium purpureum",9201103,"f"
"Lamium sp.",9205009,"Lamium sp.",9205009,"f"
"Lapsana communis",9201104,"Lapsana communis",9201104,"f"
"Larix decidua",9201105,"Larix sp.",9204441,"w"
"Larix kaempferi",9202302,"Larix sp.",9204442,"w"
"Larix sp.",9204442,"Larix sp.",9204442,"w"
"Lathraea squamaria",9201107,"Lathraea squamaria",9201107,"f"
"Lathyrus linifolius",9201112,"Lathyrus linifolius",9201112,"f"
"Lathyrus pratensis",9201116,"Lathyrus pratensis",9201116,"f"
"Lathyrus seedling/sp",9204537,"Lathyrus seedling/sp",9204537,"f"
"Lathyrus sylvestris",9201117,"Lathyrus sylvestris",9201117,"f"
"Leafy Liverwort",NA,"Leafy Liverwort",NA,""
"Lejeunea patens",810803,"Lejeunea patens",810803,"b"
"Lemna minor",9201126,"Lemna sp.",9204538,"aq"
"Lemna sp.",9204538,"Lemna sp.",9204538,"aq"
"Leontodon autumnalis",9201129,"Leontodon autumnalis",9201129,"f"
"Leontodon hispidus",9201130,"Leontodon hispidus",9201130,"f"
"Leontodon saxatilis",9201131,"Leontodon saxatilis",9201131,"f"
"Leontodon sp.",9204539,"Leontodon sp.",9204539,"f"
"Lepidozia reptans",810807,"Lepidozia reptans",810807,"b"
"Leucanthemum vulgare",920502,"Leucanthemum vulgare",920502,"f"
"Leucobryum glaucum",820374,"Leucobryum glaucum",820374,"b"
"Leymus arenarius",920682,"Leymus arenarius",920682,"g"
"Ligustrum ovalifolium",9202250,"Ligustrum ovalifolium",9202250,"w"
"Ligustrum sp.",9205026,"Ligustrum sp.",9205026,"f"
"Ligustrum vulgare",9201144,"Ligustrum vulgare",9201144,"w"
"Linaria vulgaris",9201164,"Linaria vulgaris",9201164,"f"
"Linum catharticum",9201169,"Linum catharticum",9201169,"f"
"Listera cordata",9201172,"Listera cordata",9201172,"m"
"Listera ovata",9201173,"Listera ovata",9201173,"m"
"Lithospermum officinale",9201174,"Lithospermum officinale",9201174,"f"
"Litter",20000887.1,"Litter",20000887.1,""
"Liverwort",NA,"Liverwort",NA,"b"
"Lolium multiflorum",9201182,"Lolium multiflorum",9201182,"g"
"Lolium perenne",9201183,"Lolium perenne",9201183,"g"
"Lonicera nitida",9202613,"Lonicera nitida",9202613,"w"
"Lonicera periclymenum",9201188,"Lonicera periclymenum",9201188,"w"
"Lophocolea bidentata sens.lat.",8101056,"Lophocolea bidentata sens.lat.",8101056,"b"
"Lophocolea heterophylla",810814,"Lophocolea heterophylla",810814,"b"
"Lophocolea sp.",8101308,"Lophocolea sp.",8101308,"b"
"Lophozia incisa",810819,"Lophozia incisa",810819,"b"
"Lophozia sp",200001390,"Lophozia sp",200001390,"b"
"Lophozia sudetica",810815,"Lophozia sudetica",810815,"b"
"Lophozia ventricosa",810824,"Lophozia ventricosa",810824,"b"
"Lotus corniculatus",9201191,"Lotus corniculatus",9201191,"f"
"Lotus pedunculatus",9201194,"Lotus pedunculatus",9201194,"f"
"Lunularia cruciata",810826,"Lunularia cruciata",810826,"b"
"Luzula campestris",9201201,"Luzula campestris/multiflora",9205049,"m"
"Luzula campestris/multiflora",9205049,"Luzula campestris/multiflora",9205049,"m"
"Luzula multiflora",9201204,"Luzula campestris/multiflora",9205049,"m"
"Luzula forsteri",9201202,"Luzula forsteri",9201202,"m"
"Luzula luzuloides",9201203,"Luzula luzuloides",9201203,"m"
"Luzula pilosa",9201207,"Luzula pilosa",9201207,"m"
"Luzula sp.",200001141,"Luzula sp.",200001141,"m"
"Luzula sylvatica",9201209,"Luzula sylvatica",9201209,"m"
"Lychnis flos-cuculi",9201210,"Lychnis flos-cuculi",9201210,"f"
"Lycopodium annotinum",9101214,"Lycopodium annotinum",9101214,"fe"
"Lycopodium clavatum",9101215,"Lycopodium clavatum",9101215,"fe"
"Lycopus europaeus",9201219,"Lycopus europaeus",9201219,"f"
"Lysimachia nemorum",9201221,"Lysimachia nemorum",9201221,"f"
"Lysimachia nummularia",9201222,"Lysimachia nummularia",9201222,"f"
"Lysimachia seedling/sp",9205055,"Lysimachia seedling/sp",9205055,"f"
"Lysimachia thyrsiflora",9201350,"Lysimachia thyrsiflora",9201350,"f"
"Lysimachia vulgaris",9201225,"Lysimachia vulgaris",9201225,"f"
"Lythrum portula",9201444,"Lythrum portula",9201444,"f"
"Lythrum salicaria",9201227,"Lythrum salicaria",9201227,"f"
"Mahonia aquifolium",9201228,"Mahonia aquifolium",9201228,"w"
"Malus domestica",9201230.1,"Malus domestica",9201230.1,"w"
"Malus sylvestris",9201230,"Malus sylvestris",9201230,"w"
"Malva sp.",200001638,"Malva sp.",200001638,"f"
"Malva sylvestris",9201236,"Malva sylvestris",9201236,"f"
"Marchantia polymorpha",810827,"Marchantia polymorpha",810827,"b"
"Marsupella emarginata",810831,"Marsupella emarginata",810831,"b"
"Matricaria discoidea",9201242,"Matricaria discoidea",9201242,"f"
"Matricaria recutita",9201239,"Matricaria recutita",9201239,"f"
"Matricaria sp.",200001639,"Matricaria sp.",200001639,"f"
"Meconopsis cambrica",9201246,"Meconopsis cambrica",9201246,"f"
"Medicago arabica",9201247,"Medicago arabica",9201247,"f"
"Medicago lupulina",9201250,"Medicago lupulina",9201250,"f"
"Melampyrum cristatum",9201255,"Melampyrum cristatum",9201255,"f"
"Melampyrum pratense",9201256,"Melampyrum pratense",9201256,"f"
"Melampyrum sp.",200001640,"Melampyrum sp.",200001640,"f"
"Melampyrum sylvaticum",9201257,"Melampyrum sylvaticum",9201257,"f"
"Melica nutans",9201262,"Melica nutans",9201262,"g"
"Melica uniflora",9201263,"Melica uniflora",9201263,"g"
"Melilotus officinalis",9201267,"Melilotus officinalis",9201267,"f"
"Mentha aquatica",9201272,"Mentha aquatica",9201272,"f"
"Mentha aquatica x spicata (M. x piperita)",9201279,"Mentha aquatica x spicata (M. x piperita)",9201279,"f"
"Mentha arvensis",9201273,"Mentha arvensis",9201273,"f"
"Mentha sp.",9204443,"Mentha sp.",9204443,"f"
"Menyanthes trifoliata",9201289,"Menyanthes trifoliata",9201289,"f"
"Mercurialis annua",9201290,"Mercurialis annua",9201290,"f"
"Mercurialis perennis",9201291,"Mercurialis perennis",9201291,"f"
"Milium effusum",9201296,"Milium effusum",9201296,"g"
"Mimulus guttatus",9204328,"Mimulus seedling/sp",9201298,"f"
"Mimulus seedling/sp",9201298,"Mimulus seedling/sp",9201298,"f"
"Mnium hornum",820382,"Mnium hornum",820382,"b"
"Mnium sp.",8201183,"Mnium sp.",8201183,"b"
"Moehringia trinervia",9201305,"Moehringia trinervia",9201305,"f"
"Moenchia erecta",9201306,"Moenchia erecta",9201306,"f"
"Molinia caerulea",9201307,"Molinia caerulea",9201307,"g"
"Moneses uniflora",9201308,"Moneses uniflora",9201308,"f"
"Montia fontana",9201312,"Montia fontana",9201312,"f"
"Mycelis muralis",9201315,"Mycelis muralis",9201315,"f"
"Mylia taylorii",810854,"Mylia taylorii",810854,"b"
"Myosotis arvensis",9201317,"Myosotis arvensis",9201317,"f"
"Myosotis discolor",9201321,"Myosotis discolor",9201321,"f"
"Myosotis laxa",9201319,"Myosotis laxa",9201319,"f"
"Myosotis scorpioides",9201322,"Myosotis scorpioides",9201322,"f"
"Myosotis secunda",9201323,"Myosotis secunda",9201323,"f"
"Myosotis seedling/sp",9204542,"Myosotis seedling/sp",9204542,"f"
"Myosotis sylvatica",9201325,"Myosotis sylvatica",9201325,"f"
"Myrica gale",9201328,"Myrica gale",9201328,"w"
"Myrrhis odorata",9201333,"Myrrhis odorata",9201333,"f"
"Narcissus pseudonarcissus",9205478,"Narcissus pseudonarcissus",9205478,"f"
"Nardia scalaris",810858,"Nardia scalaris",810858,"b"
"Nardus stricta",9201344,"Nardus stricta",9201344,"g"
"Narthecium ossifragum",9201345,"Narthecium ossifragum",9201345,"m"
"Neckera crispa",820402,"Neckera crispa",820402,"b"
"Neckera sp.",NA,"Neckera sp.",NA,"b"
"Nothofagus nervosa",9204407,"Nothofagus nervosa",9204407,"w"
"Nymphaea alba",9201358,"Nymphaea alba",9201358,"f"
"Odontites vernus",9201361,"Odontites vernus",9201361,"f"
"Odontoschisma denudatum",810860,"Odontoschisma denudatum",810860,"b"
"Odontoschisma sphagni",810863,"Odontoschisma sphagni",810863,"b"
"Oenanthe crocata",9201363,"Oenanthe crocata",9201363,"f"
"Onopordum acanthium",9201379,"Onopordum acanthium",9201379,"f"
"Ophioglossum vulgatum",9101381.2,"Ophioglossum vulgatum",9101381.2,"fe"
"Orchis mascula",9201387,"Orchis mascula",9201387,"m"
"Oreopteris limbosperma",9102051,"Oreopteris limbosperma",9102051,"fe"
"Origanum vulgare",9201393,"Origanum vulgare",9201393,"f"
"Orobanche sp.",200001585,"Orobanche sp.",200001585,"f"
"Orthilia secunda",9201410,"Orthilia secunda",9201410,"f"
"Orthodontium lineare",820411,"Orthodontium lineare",820411,"b"
"Osmunda regalis",9101411,"Osmunda regalis",9101411,"fe"
"Oxalis acetosella",9201413,"Oxalis acetosella",9201413,"f"
"Oxalis sp.",200001644,"Oxalis sp.",200001644,"f"
"Parietaria judaica",9201435,"Parietaria judaica",9201435,"f"
"Paris quadrifolia",9201436,"Paris quadrifolia",9201436,"m"
"Parnassia palustris",9201437,"Parnassia palustris",9201437,"f"
"Pastinaca sativa",9201440,"Pastinaca sativa",9201440,"f"
"Pedicularis palustris",9201441,"Pedicularis palustris",9201441,"f"
"Pedicularis sp.",200001645,"Pedicularis sp.",200001645,"f"
"Pedicularis sylvatica",9201442,"Pedicularis sylvatica",9201442,"f"
"Pellia epiphylla",810867,"Pellia sp.",8101323,"b"
"Pellia sp",8101323,"Pellia sp.",8101323,"b"
"Pellia sp.",8101323,"Pellia sp.",8101323,"b"
"Pellia spp",8101323,"Pellia sp.",8101323,"b"
"Peltigera canina",5503836,"Peltigera sp.",5505248,"l"
"Peltigera sp.",5505248,"Peltigera sp.",5505248,"l"
"Pentaglottis sempervirens",9201443,"Pentaglottis sempervirens",9201443,"f"
"Persicaria amphibia",9201521,"Persicaria amphibia",9201521,"f"
"Persicaria amplexicaulis",9202246,"Persicaria amplexicaulis",9202246,"f"
"Persicaria bistorta",9201525,"Persicaria bistorta",9201525,"f"
"Persicaria hydropiper",9201530,"Persicaria hydropiper",9201530,"f"
"Persicaria lapathifolia",9201531,"Persicaria lapathifolia",9201531,"f"
"Persicaria maculosa",9201537,"Persicaria maculosa",9201537,"f"
"Persicaria vivipara",9201543,"Persicaria vivipara",9201543,"f"
"Petasites fragrans",9201446,"Petasites spp.",200001696,"f"
"Petasites hybridus",9201447,"Petasites spp.",200001696,"f"
"Petasites spp.",200001696,"Petasites spp.",200001696,"f"
"Phalaris arundinacea",9201454,"Phalaris arundinacea",9201454,"g"
"Phalaris sp.",200001647,"Phalaris sp.",200001647,"g"
"Phegopteris connectilis",9102053,"Phegopteris connectilis",9102053,"fe"
"Philonotis fontana",820439,"Philonotis fontana",820439,"b"
"Phleum pratense sens.lat.",9202247,"Phleum pratense sens.lat.",9202247,"g"
"Phragmites australis",9201465,"Phragmites australis",9201465,"g"
"Phyllitis scolopendrium",9101466,"Phyllitis scolopendrium",9101466,"fe"
"Physcomitrium pyriforme",820443,"Physcomitrium pyriforme",820443,"b"
"Picea abies",9201470,"Picea abies",9201470,"w"
"Picea sitchensis",9202401,"Picea sitchensis",9202401,"w"
"Picea sp",9205155,"Picea sp",9205155,"w"
"Picris echioides",9201471,"Picris echioides",9201471,"f"
"Pilosella officinarum",920976,"Pilosella officinarum",920976,"f"
"Pimpinella major",9201475,"Pimpinella major",9201475,"f"
"Pimpinella saxifraga",9201476,"Pimpinella saxifraga",9201476,"f"
"Pinguicula lusitanica",9201480,"Pinguicula lusitanica",9201480,"f"
"Pinguicula vulgaris",9201481,"Pinguicula vulgaris",9201481,"f"
"Pinus contorta",9202402,"Pinus contorta",9202402,"w"
"Pinus nigra",9201482,"Pinus nigra",9201482,"w"
"Pinus sp./seedling",9204546,"Pinus sp./seedling",9204546,"w"
"Pinus sylvestris",9201484,"Pinus sylvestris",9201484,"w"
"Plagiochila asplenioides sens.lat.",810872,"Plagiochila asplenoides",810872,"b"
"Plagiochila asplenoides",810872,"Plagiochila asplenoides",810872,"b"
"Plagiochila porelloides",810872.1,"Plagiochila porelloides",810872.1,"b"
"Plagiochila sp",200001105,"Plagiochila sp",200001105,"b"
"Plagiochila spinulosa agg.",810874,"Plagiochila spinulosa agg.",810874,"b"
"Plagiomnium affine",820379,"Plagiomnium affine",820379,"b"
"Plagiomnium rostratum",820383,"Plagiomnium rostratum",820383,"b"
"Plagiomnium sp.",200001447,"Plagiomnium sp.",200001447,"b"
"Plagiomnium undulatum",820395,"Plagiomnium undulatum",820395,"b"
"Plagiothecium denticulatum",820449,"Plagiothecium denticulatum",820449,"b"
"Plagiothecium nemorale",820456,"Plagiothecium nemorale",820456,"b"
"Plagiothecium sp",8201206,"Plagiothecium sp",8201206,"b"
"Plagiothecium undulatum",820459,"Plagiothecium undulatum",820459,"b"
"Plantago coronopus",9201485,"Plantago coronopus",9201485,"f"
"Plantago lanceolata",9201487,"Plantago lanceolata",9201487,"f"
"Plantago major",9201488,"Plantago major",9201488,"f"
"Platanthera chlorantha",9201493,"Platanthera chlorantha",9201493,"m"
"Pleurozia purpurea",810881,"Pleurozia purpurea",810881,"b"
"Pleurozium schreberi",820463,"Pleurozium schreberi",820463,"b"
"Poa angustifolia",9201506.2,"Poa angustifolia",9201506.2,"g"
"Poa annua",9201495,"Poa annua",9201495,"g"
"Poa nemoralis",9201504,"Poa nemoralis/trivialis",200001593,"g"
"Poa nemoralis/trivialis",200001593,"Poa nemoralis/trivialis",200001593,"g"
"Poa humilis",9201506.5,"Poa pratensis sens.lat.",9201506,"g"
"Poa pratensis sens.lat.",9201506,"Poa pratensis sens.lat.",9201506,"g"
"Poa sp.",9204547,"Poa sp.",9204547,"g"
"Poa trivialis",9201507,"Poa nemoralis/trivialis",200001593,"g"
"Pogonatum aloides",820479,"Pogonatum aloides",820479,"b"
"Pohlia carnea",820470,"Pohlia carnea",820470,"b"
"Pohlia nutans",820475,"Pohlia nutans",820475,"b"
"Pohlia sp.",8201213,"Pohlia sp.",8201213,"b"
"Polygala calcarea",9201512,"Polygala calcarea",9201512,"f"
"Polygala oxyptera",9201515,"Polygala oxyptera",9201515,"f"
"Polygala serpyllifolia",9201514,"Polygala serpyllifolia",9201514,"f"
"Polygala sp.",9204548,"Polygala sp.",9204548,"f"
"Polygala vulgaris/serpyllifolia",20000323,"Polygala vulgaris/serpyllifolia",20000323,"f"
"Polygonatum multiflorum",9201516,"Polygonatum multiflorum",9201516,"m"
"Polygonatum odoratum",9201518,"Polygonatum odoratum",9201518,"m"
"Polygonum arenastrum",9201520,"Polygonum arenastrum",9201520,"f"
"Polygonum aviculare agg.",9201522,"Polygonum aviculare agg.",9201522,"f"
"Polygonum lapathifolium",9201531,"Polygonum lapathifolium",9201531,"f"
"Polygonum sp.",9204549,"Polygonum sp.",9204549,"f"
"Polypodium interjectum",9101544.3,"Polypodium sp.",200001676,"fe"
"Polypodium sp.",200001676,"Polypodium sp.",200001676,"fe"
"Polypodium vulgare sens.lat.",9101544,"Polypodium sp.",200001676,"fe"
"Polystichum aculeatum",9101546,"Polystichum aculeatum",9101546,"fe"
"Polystichum setiferum",9101548,"Polystichum setiferum",9101548,"fe"
"Polystichum setiferum/aculeatum",20000330,"Polystichum setiferum/aculeatum",20000330,"fe"
"Polystichum sp.",9104651,"Polystichum sp.",9104651,"fe"
"Polytrichum commune",820482,"Polytrichum commune",820482,"b"
"Polytrichum formosum",820483,"Polytrichum formosum",820483,"b"
"Polytrichum juniperinum",820485,"Polytrichum juniperinum",820485,"b"
"Polytrichum piliferum",820488,"Polytrichum piliferum",820488,"b"
"Polytrichum sp",8201214,"Polytrichum sp",8201214,"b"
"Poo",20000887.6,"Poo",20000887.6,""
"Populus alba",9201549,"Populus alba",9201549,"w"
"Populus canescens",9201551,"Populus canescens",9201551,"w"
"Populus deltoides",9204550,"Populus deltoides",9204550,"w"
"Populus nigra",9204313,"Populus nigra",9204313,"w"
"Populus sp",200001651,"Populus sp",200001651,"w"
"Populus tremula",9201555,"Populus tremula",9201555,"w"
"Potamogeton natans",9201570,"Potamogeton natans",9201570,"aq"
"Potamogeton polygonifolius",9201576,"Potamogeton polygonifolius",9201576,"aq"
"Potamogeton sp.",9204551,"Potamogeton sp.",9204551,"aq"
"Potentilla anserina",9201584,"Potentilla anserina",9201584,"f"
"Potentilla erecta",9201588,"Potentilla erecta",9201588,"f"
"Potentilla palustris",9201592,"Potentilla palustris",9201592,"f"
"Potentilla recta",9201593,"Potentilla recta",9201593,"f"
"Potentilla reptans",9201594,"Potentilla reptans",9201594,"f"
"Potentilla sp.",9205173,"Potentilla sp.",9205173,"f"
"Potentilla sterilis",9201596,"Potentilla sterilis",9201596,"f"
"Pottia sp.",8201215,"Pottia sp.",8201215,"b"
"Pottia truncata",820501,"Pottia truncata",820501,"b"
"Primula elatior",9201600,"Primula elatior",9201600,"f"
"Primula sp.",200001654,"Primula sp.",200001654,"f"
"Primula veris",9201605,"Primula veris",9201605,"f"
"Primula vulgaris",9201607,"Primula vulgaris",9201607,"f"
"Prunella vulgaris",9201610,"Prunella vulgaris",9201610,"f"
"Prunus avium",9201611,"Prunus avium",9201611,"w"
"Prunus cerasus",9201613,"Prunus cerasus",9201613,"w"
"Prunus domestica",9201614,"Prunus domestica",9201614,"w"
"Prunus laurocerasus",9201615,"Prunus laurocerasus",9201615,"w"
"Prunus padus",9201616,"Prunus padus",9201616,"w"
"Prunus sp.",9204552,"Prunus sp.",9204552,"w"
"Prunus spinosa",9201617,"Prunus spinosa",9201617,"w"
"Pseudephemerum nitidum",820503,"Pseudephemerum nitidum",820503,"b"
"Pseudoscleropodium purum",820507,"Pseudoscleropodium purum",820507,"b"
"Pseudotsuga menziesii",9201618,"Pseudotsuga menziesii",9201618,"w"
"Pseudotsuga spp.",9205178,"Pseudotsuga spp.",9205178,"w"
"Pteridium aquilinum",9101619,"Pteridium aquilinum",9101619,"fe"
"Ptilidium ciliare",810888,"Ptilidium ciliare",810888,"b"
"Ptilium crista-castrensis",820512,"Ptilium crista-castrensis",820512,"b"
"Pulicaria dysenterica",9201625,"Pulicaria dysenterica",9201625,"f"
"Pulmonaria longifolia",9201627,"Pulmonaria longifolia",9201627,"f"
"Pyrola minor",9201631,"Pyrola minor",9201631,"f"
"Pyrus sp.",200001656,"Pyrus sp.",200001656,"w"
"Quercus cerris",9201635,"Quercus cerris",9201635,"w"
"Quercus ilex",9201637,"Quercus ilex",9201637,"w"
"Quercus rubra",9202419,"Quercus rubra",9202419,"w"
"Quercus petraea",9201638,"Quercus seedling/sp",9204446,"w"
"Quercus robur",9201640,"Quercus seedling/sp",9204446,"w"
"Quercus seedling/sp",9204446,"Quercus seedling/sp",9204446,"w"
"Racomitrium aciculare",820519,"Racomitrium aciculare",820519,"b"
"Racomitrium canescens sens.lat.",820521,"Racomitrium canescens sens.lat.",820521,"b"
"Racomitrium heterostichum sens.lat.",820524,"Racomitrium heterostichum sens.lat.",820524,"b"
"Racomitrium lanuginosum",820525,"Racomitrium lanuginosum",820525,"b"
"Racomitrium sp.",8201226,"Racomitrium sp.",8201226,"b"
"Ranunculus acris",9201642,"Ranunculus acris",9201642,"f"
"Ranunculus auricomus",9201645,"Ranunculus auricomus",9201645,"f"
"Ranunculus bulbosus",9201647,"Ranunculus bulbosus",9201647,"f"
"Ranunculus ficaria",9201649,"Ranunculus ficaria",9201649,"f"
"Ranunculus flammula",9201651,"Ranunculus flammula",9201651,"f"
"Ranunculus repens",9201660,"Ranunculus repens",9201660,"f"
"Ranunculus seedling/sp",9204555,"Ranunculus seedling/sp",9204555,"f"
"Raphanus raphanistrum",9205481,"Raphanus raphanistrum",9205481,"f"
"Reseda lutea",9201672,"Reseda lutea",9201672,"f"
"Rhamnus cathartica",9201675,"Rhamnus cathartica",9201675,"w"
"Rhinanthus minor",9201678,"Rhinanthus minor",9201678,"f"
"Rhinanthus sp.",9205193,"Rhinanthus minor",9201678,"f"
"Rhizomnium punctatum",820389,"Rhizomnium punctatum",820389,"b"
"Rhizomnium sp.",200001449,"Rhizomnium sp.",200001449,"b"
"Rhododendron ponticum",9201687,"Rhododendron ponticum",9201687,"w"
"Rhododendron spp.",9205194,"Rhododendron spp.",9205194,"w"
"Rhynchospora alba",9201691,"Rhynchospora alba",9201691,"s"
"Rhynchostegium confertum",820245,"Rhynchostegium confertum",820245,"b"
"Rhynchostegium confertum",820184,"Rhynchostegium confertum",820184,"b"
"Rhytidiadelphus loreus",820532,"Rhytidiadelphus loreus",820532,"b"
"Rhytidiadelphus sp.",200001658,"Rhytidiadelphus sp.",200001658,"b"
"Rhytidiadelphus squarrosus",820533,"Rhytidiadelphus squarrosus",820533,"b"
"Rhytidiadelphus triquetrus",820534,"Rhytidiadelphus triquetrus",820534,"b"
"Ribes nigrum",9201694,"Ribes nigrum/rubrum",200001589,"w"
"Ribes nigrum/rubrum",200001589,"Ribes nigrum/rubrum",200001589,"w"
"Ribes rubrum",9201696,"Ribes nigrum/rubrum",200001589,"w"
"Ribes sp.",200001596,"Ribes sp.",200001596,"w"
"Ribes uva-crispa",9201697,"Ribes uva-crispa",9201697,"w"
"Riccardia multifida",810899,"Riccardia multifida",810899,"b"
"Riccardia palmata",810900,"Riccardia palmata",810900,"b"
"Riccardia sp",200001244,"Riccardia sp",200001244,"b"
"Robinia pseudoacacia",9201698,"Robinia pseudoacacia",9201698,"f"
"Rock",20000887.5,"Rock",20000887.5,NA
"Rorippa islandica sens.str.",9202546,"Rorippa islandica sens.str.",9202546,"f"
"Rorippa nasturtium-aquaticum agg.",9201348,"Rorippa nasturtium-aquaticum agg.",9201348,"f"
"Rosa arvensis",9201707,"Rosa seedling/sp",9201705,"w"
"Rosa canina agg.",9201708,"Rosa seedling/sp",9201705,"w"
"Rosa pimpinellifolia",9201719,"Rosa pimpinellifolia",9201719,"w"
"Rosa rubiginosa",9201714,"Rosa rubiginosa",9201714,"w"
"Rosa seedling/sp",9201705,"Rosa seedling/sp",9201705,"w"
"Rubia peregrina",9201725,"Rubia peregrina",9201725,"f"
"Rubus caesius",9201726,"Rubus caesius",9201726,"w"
"Rubus chamaemorus",9201727,"Rubus chamaemorus",9201727,"w"
"Rubus fruticosus agg.",9201728,"Rubus fruticosus agg.",9201728,"w"
"Rubus idaeus",9201729,"Rubus idaeus",9201729,"w"
"Rubus saxatilis",9201730,"Rubus saxatilis",9201730,"w"
"Rubus seedling",9205203,"Rubus seedling",9205203,""
"Rubus sp.",200001659,"Rubus sp.",200001659,"w"
"Rumex acetosa",9201734,"Rumex acetosa",9201734,"f"
"Rumex acetosella",9201735,"Rumex acetosella",9201735,"f"
"Rumex conglomeratus",9201741,"Rumex conglomeratus/sanguineus",20000377,"f"
"Rumex conglomeratus/sanguineus",20000377,"Rumex conglomeratus/sanguineus",20000377,"f"
"Rumex crispus",9201742,"Rumex crispus",9201742,"f"
"Rumex hydrolapathum",9201745,"Rumex hydrolapathum",9201745,"f"
"Rumex obtusifolius",9201748,"Rumex obtusifolius",9201748,"f"
"Rumex sanguineus",9201753,"Rumex conglomeratus/sanguineus",20000377,"f"
"Rumex seedling/sp",9204557,"Rumex seedling/sp",9204557,"f"
"Ruscus aculeatus",9201760,"Ruscus aculeatus",9201760,"m"
"Saccogyna viticulosa",810918,"Saccogyna viticulosa",810918,"b"
"Sagina apetala",9202559,"Sagina apetala",9202559,"f"
"Sagina (procumbens)",9205207.1,"Sagina procumbens",9201767,"f"
"Sagina procumbens",9201767,"Sagina procumbens",9201767,"f"
"Sagina sp.",9205207,"Sagina sp.",9205207,"f"
"Salix aurita",9201787,"Salix aurita",9201787,"w"
"Salix caprea",9201788,"Salix cin/cap",9201788,"w"
"Salix cinerea",9201789,"Salix cin/cap",9201789,"w"
"Salix fragilis",9201793,"Salix fragilis",9201793,"w"
"Salix repens agg.",9201802,"Salix repens agg.",9201802,"w"
"Salix seedling/sp",9204558,"Salix cin/cap",200004002,"w"
"Salix viminalis",9201805,"Salix viminalis",9201805,"w"
"Sambucus nigra",9201815,"Sambucus nigra",9201815,"w"
"Sambucus racemosa",9201816,"Sambucus racemosa",9201816,"w"
"Sambucus sp.",9205211,"Sambucus sp.",9205211,"w"
"Sanguisorba officinalis",9201818,"Sanguisorba officinalis",9201818,"f"
"Sanicula europaea",9201819,"Sanicula europaea",9201819,"f"
"Saxifraga aizoides",9201826,"Saxifraga aizoides",9201826,"f"
"Saxifraga granulata",9201830,"Saxifraga granulata",9201830,"f"
"Saxifraga oppositifolia",9201837,"Saxifraga oppositifolia",9201837,"f"
"Saxifraga umbrosa",9201844,"Saxifraga umbrosa",9201844,"f"
"Scabiosa columbaria",9201846,"Scabiosa columbaria",9201846,"f"
"Scabiosa sp.",200001661,"Scabiosa sp.",200001661,"f"
"Scapania gracilis",810927,"Scapania gracilis",810927,"b"
"Scapania sp.",8101338,"Scapania sp.",8101338,"b"
"Scapania umbrosa",810938,"Scapania umbrosa",810938,"b"
"Scapania undulata",810939,"Scapania undulata",810939,"b"
"Scirpus sylvaticus",9201861,"Scirpus sylvaticus",9201861,"m"
"Scorpidium scorpioides",820541,"Scorpidium scorpioides",820541,"b"
"Scrophularia auriculata",9201865,"Scrophularia auriculata",9201865,"f"
"Scrophularia nodosa",9201867,"Scrophularia nodosa",9201867,"f"
"Scrophularia vernalis",9201870,"Scrophularia vernalis",9201870,"f"
"Scutellaria galericulata",9201872,"Scutellaria galericulata",9201872,"f"
"Scutellaria minor",9201874,"Scutellaria minor",9201874,"f"
"Scutellaria sp.",9205232,"Scutellaria sp.",9205232,"f"
"Sedum acre",9201875,"Sedum acre",9201875,"f"
"Sedum anglicum",9201877,"Sedum anglicum",9201877,"f"
"Sedum sp.",9205234,"Sedum sp.",9205234,"f"
"Sedum telephium",9201885,"Sedum telephium",9201885,"f"
"Selaginella selaginoides",9101888,"Selaginella selaginoides",9101888,"f"
"Senecio aquaticus",9201891,"Senecio aquaticus",9201891,"f"
"Senecio erucifolius",9201896,"Senecio erucifolius",9201896,"f"
"Senecio jacobaea",9201899,"Senecio jacobaea",9201899,"f"
"Senecio sylvaticus",9201903,"Senecio sylvaticus",9201903,"f"
"Senecio vulgaris",9201905,"Senecio vulgaris",9201905,"f"
"Seriphidium maritimum",920172,"Seriphidium maritimum",920172,"f"
"Serratula tinctoria",9201906,"Serratula tinctoria",9201906,"f"
"Sesleria caerulea",9201908,"Sesleria caerulea",9201908,"g"
"Silaum silaus",9201916,"Silaum silaus",9201916,"f"
"Silene acaulis",9201917,"Silene acaulis",9201917,"f"
"Silene dioica",9201259,"Silene dioica",9201259,"f"
"Silene dioica x latifolia (S. x hampeana)",9201260,"Silene dioica x latifolia (S. x hampeana)",9201260,"f"
"Silene latifolia",9201258,"Silene latifolia",9201258,"f"
"Silybum marianum",9201930,"Silybum marianum",9201930,"f"
"Sinapis arvensis",9201933,"Sinapis arvensis",9201933,"f"
"Sinapis arvensis/alba",20000407,"Sinapis arvensis/alba",20000407,"f"
"Sisymbrium officinale",9201938,"Sisymbrium officinale",9201938,"f"
"Sium latifolium",9201944,"Sium latifolium",9201944,"f"
"Solanum dulcamara",9201947,"Solanum dulcamara",9201947,"w"
"Solanum nigrum",9201949,"Solanum nigrum",9201949,"f"
"Solidago virgaurea",9201951,"Solidago virgaurea",9201951,"f"
"Sonchus arvensis",9201952,"Sonchus arvensis",9201952,"f"
"Sonchus asper",9201953,"Sonchus asper",9201953,"f"
"Sonchus oleraceus",9201954,"Sonchus oleraceus",9201954,"f"
"Sonchus sp.",9204560,"Sonchus sp.",9204560,"f"
"Sorbus aria",9201958,"Sorbus aria",9201958,"w"
"Sorbus aucuparia",9201960,"Sorbus aucuparia",9201960,"w"
"Sorbus lancastriensis",9201967,"Sorbus lancastriensis",9201967,"w"
"Sorbus sp.",9204561,"Sorbus sp.",9204561,"w"
"Sorbus torminalis",9201977,"Sorbus torminalis",9201977,"w"
"Sparganium erectum",9201981,"Sparganium erectum",9201981,"aq"
"Spergularia rubra",9201992,"Spergularia rubra",9201992,"f"
"Spergularia sp.",9205262,"Spergularia sp.",9205262,"f"
"Sphagnum (green/fat)",20000558,"Sphagnum (green/fat)",20000558,"b"
"Sphagnum auriculatum",820578,"Sphagnum (green/fat)",20000558,"b"
"Sphagnum cuspidatum",820556,"Sphagnum (green/fat)",20000558,"b"
"Sphagnum palustre",820566,"Sphagnum (green/fat)",20000558,"b"
"Sphagnum papillosum",820567,"Sphagnum (green/fat)",20000558,"b"
"Sphagnum squarrosum",820575,"Sphagnum (green/fat)",20000558,"b"
"Sphagnum (green/thin)",20000559,"Sphagnum (green/thin)",20000559,"b"
"Sphagnum compactum",820554,"Sphagnum (green/thin)",20000559,"b"
"Sphagnum fimbriatum",820557,"Sphagnum (green/thin)",20000559,"b"
"Sphagnum girgensohnii",820559,"Sphagnum (green/thin)",20000559,"b"
"Sphagnum quinquefarium",820570,"Sphagnum (green/thin)",20000559,"b"
"Sphagnum quinquefarium",8201243,"Sphagnum (green/thin)",20000559,"b"
"Sphagnum recurvum",820571,"Sphagnum (green/thin)",20000559,"b"
"Sphagnum subnitens",820568,"Sphagnum (green/thin)",20000559,"b"
"Sphagnum tenellum",820579,"Sphagnum (green/thin)",20000559,"b"
"Sphagnum (red/fat)",20000560,"Sphagnum (red/fat)",20000560,"b"
"Sphagnum magellanicum",820562,"Sphagnum (red/fat)",20000560,"b"
"Sphagnum (red/thin)",200001598,"Sphagnum (red/thin)",200001598,"b"
"Sphagnum capillifolium",820564,"Sphagnum (red/thin)",200001598,"b"
"Sphagnum capillifolium/subnitens",200001533,"Sphagnum (red/thin)",200001598,"b"
"Sphagnum rubellum",200001395,"Sphagnum (red/thin)",200001598,"b"
"Sphagnum russowii",820574,"Sphagnum (red/thin)",200001598,"b"
"Sphagnum sp",820570,"Sphagnum sp",820570,"b"
"Sphagnum sp.",8201243,"Sphagnum sp.",8201243,"b"
"Stachys officinalis",920237,"Stachys officinalis",920237,"f"
"Stachys palustris",9202003,"Stachys palustris",9202003,"f"
"Stachys sylvatica",9202005,"Stachys sylvatica",9202005,"f"
"Stellaria graminea",9202009,"Stellaria graminea",9202009,"f"
"Stellaria holostea",9202010,"Stellaria holostea",9202010,"f"
"Stellaria media",9202012,"Stellaria media",9202012,"f"
"Stellaria nemorum",9202014,"Stellaria nemorum",9202014,"f"
"Stellaria pallida",9202008,"Stellaria pallida",9202008,"f"
"Stellaria palustris",9202015,"Stellaria palustris",9202015,"f"
"Stellaria seedling/sp",9205266,"Stellaria seedling/sp",9205266,"f"
"Stellaria uliginosa",9202007,"Stellaria uliginosa",9202007,"f"
"Succisa pratensis",9202021,"Succisa pratensis",9202021,"f"
"Symphoricarpos albus",9202022,"Symphoricarpos albus",9202022,"w"
"Symphoricarpus sp.",200001587,"Symphoricarpos albus",9202022,"w"
"Symphytum officinale",9202024,"Symphytum officinale",9202024,"f"
"Symphytum sp.",9205273,"Symphytum officinale",9202024,"f"
"Syringa vulgaris",9202029,"Syringa vulgaris",9202029,"w"
"Tamus communis",9202032,"Tamus communis",9202032,"w"
"Tanacetum parthenium",920503,"Tanacetum parthenium",920503,"f"
"Tanacetum vulgare",9202033,"Tanacetum vulgare",9202033,"f"
"Taraxacum agg.",9202034,"Taraxacum agg.",9202034,"f"
"Taraxacum pseudolacistophyllum (ery)",9203908,"Taraxacum agg.",9202034,"f"
"Taraxacum sect. vulgaria",9205454,"Taraxacum agg.",9202034,"f"
"Taxus baccata",9202039,"Taxus baccata",9202039,"w"
"Tetraphis pellucida",820589,"Tetraphis pellucida",820589,"b"
"Teucrium scordium",9202045,"Teucrium scordium",9202045,"f"
"Teucrium scorodonia",9202046,"Teucrium scorodonia",9202046,"f"
"Thalictrum minus",9202049,"Thalictrum minus",9202049,"f"
"Thamnobryum alopecurum",820592,"Thamnobryum alopecurum",820592,"b"
"Thelypteris palustris",9102052,"Thelypteris palustris",9102052,"fe"
"Thuidium tamariscinum",820599,"Thuidium tamariscinum",820599,"b"
"Thuja plicata",9202403,"Thuja plicata",9202403,"w"
"Thuja spp.",9205288,"Thuja spp.",9205288,"w"
"Thymus polytrichus",9202060,"Thymus polytrichus",9202060,"f"
"Tilia cordata",9202063,"Tilia cordata",9202063,"w"
"Tilia sp.",9205289,"Tilia sp.",9205289,"w"
"Tilia x vulgaris",9202065,"Tilia x vulgaris",9202065,"w"
"Tolmiea menziesii",9202436,"Tolmiea menziesii",9202436,"f"
"Torilis japonica",9202069,"Torilis japonica",9202069,"f"
"Total bryophyte",20000888,"Total bryophyte",20000888,"b"
"Total lichen",20000854,"Total lichen",20000854,"l"
"TOTAL_WATER",NA,"TOTAL_WATER",NA,""
"TOTAL_WOOD",NA,"TOTAL_WOOD",NA,""
"Trichocolea tomentella",810956,"Trichocolea tomentella",810956,"b"
"Trichophorum cespitosum",9201858,"Trichophorum cespitosum",9201858,"s"
"Trientalis europaea",9202076,"Trientalis europaea",9202076,"f"
"Trifolium dubium",9202081,"Trifolium dubium",9202081,"f"
"Trifolium hybridum",9205459,"Trifolium hybridum",9205459,"f"
"Trifolium medium",9202087,"Trifolium medium",9202087,"f"
"Trifolium pratense",9202091,"Trifolium pratense",9202091,"f"
"Trifolium repens",9202092,"Trifolium repens",9202092,"f"
"Trifolium seedling/sp",9205298,"Trifolium seedling/sp",9205298,"f"
"Triglochin palustre",9202102,"Triglochin palustre",9202102,"m"
"Tripleurospermum inodorum",9201241.1,"Tripleurospermum inodorum",9201241.1,"f"
"Trisetum flavescens",9202105,"Trisetum flavescens",9202105,"g"
"Triticum aestivum",9204367,"Triticum aestivum",9204367,"g"
"Triticum sp.",9205303,"Triticum sp.",9205303,"g"
"Trollius europaeus",9202106,"Trollius europaeus",9202106,"f"
"Tsuga heterophylla",9202404,"Tsuga heterophylla",9202404,"w"
"Tussilago farfara",9202109,"Tussilago farfara",9202109,"f"
"Ulex europaeus",9202112,"Ulex europaeus",9202112,"w"
"Ulex sp.",200001670,"Ulex sp./seedling",9205313,"w"
"Ulex sp./seedling",9205313,"Ulex sp./seedling",9205313,"w"
"Ulmus glabra",9202119,"Ulmus glabra",9202119,"w"
"Ulmus procera",9202122,"Ulmus procera",9202122,"w"
"Ulmus minor",9202115,"Ulmus seedling/sp",9202115,"w"
"Ulmus minor (c)",9202115,"Ulmus seedling/sp",9202115,"w"
"Ulmus sp.",9204314,"Ulmus sp.",9204314,"w"
"Umbilicus rupestris",9202125,"Umbilicus rupestris",9202125,"f"
"Urtica dioica",9202126,"Urtica dioica",9202126,"f"
"Vaccinium myrtillus",9202136,"Vaccinium myrtillus",9202136,"w"
"Vaccinium oxycoccos",9201419,"Vaccinium oxycoccos",9201419,"w"
"Vaccinium uliginosum",9202137,"Vaccinium uliginosum",9202137,"w"
"Vaccinium vitis-idaea",9202138,"Vaccinium vitis-idaea",9202138,"w"
"Valeriana dioica",9202139,"Valeriana dioica",9202139,"f"
"Valeriana officinalis",9202140,"Valeriana officinalis",9202140,"f"
"Valeriana sp.",200001671,"Valeriana officinalis",9202140,"f"
"Verbascum thapsus",9202157,"Verbascum thapsus",9202157,"f"
"Veronica agrestis",9202161,"Veronica agrestis",9202161,"f"
"Veronica alpina",9202162,"Veronica alpina",9202162,"f"
"Veronica anagallis-aquatica",9202163,"Veronica anagallis-aquatica",9202163,"f"
"Veronica arvensis",9202165,"Veronica arvensis",9202165,"f"
"Veronica beccabunga",9202166,"Veronica beccabunga",9202166,"f"
"Veronica chamaedrys",9202168,"Veronica chamaedrys",9202168,"f"
"Veronica hederifolia",9202171,"Veronica hederifolia",9202171,"f"
"Veronica montana",9202172,"Veronica montana",9202172,"f"
"Veronica officinalis",9202173,"Veronica officinalis",9202173,"f"
"Veronica persica",9202175,"Veronica persica",9202175,"f"
"Veronica polita",9202176,"Veronica polita",9202176,"f"
"Veronica scutellata",9202179,"Veronica scutellata",9202179,"f"
"Veronica seedling/sp",9204563,"Veronica seedling/sp",9204563,"f"
"Veronica serpyllifolia",9202180,"Veronica serpyllifolia",9202180,"f"
"Viburnum lantana",9202184,"Viburnum lantana",9202184,"w"
"Viburnum opulus",9202185,"Viburnum opulus",9202185,"w"
"Vicia cracca",9202189,"Vicia cracca",9202189,"f"
"Vicia hirsuta",9202191,"Vicia hirsuta",9202191,"f"
"Vicia orobus",9202196,"Vicia orobus",9202196,"f"
"Vicia sativa",9202516,"Vicia sativa",9202516,"f"
"Vicia seedling/sp",9204564,"Vicia seedling/sp",9204564,"f"
"Vicia sepium",9202198,"Vicia sepium",9202198,"f"
"Vicia sylvatica",9202199,"Vicia sylvatica",9202199,"f"
"Vicia tetrasperma",9202202,"Vicia tetrasperma",9202202,"f"
"Viola arvensis",9202206,"Viola arvensis",9202206,"f"
"Viola canina",9202207,"Viola canina",9202207,"f"
"Viola hirta",9202210,"Viola hirta",9202210,"f"
"Viola odorata",9202214,"Viola odorata",9202214,"f"
"Viola palustris",9202215,"Viola palustris",9202215,"f"
"Viola reichenbachiana",9202217,"Viola riviniana/reichenbiana",200001595,"f"
"Viola riviniana",9202218,"Viola riviniana/reichenbiana",200001595,"f"
"Viola riviniana/reichenbiana",200001595,"Viola riviniana/reichenbiana",200001595,"f"
"Viola seedling/sp",9204565,"Viola seedling/sp",9204565,"f"
"Viola tricolor",9202220,"Viola tricolor",9202220,"f"
"Vulpia bromoides",9202226,"Vulpia bromoides",9202226,"g"
"Wahlenbergia hederacea",9202230,"Wahlenbergia hederacea",9202230,"f"
"Weissia controversa",8201260,"Weissia controversa",8201260,"b"
"Weissia sp.",8201260,"Weissia sp.",8201260,"b"
"Prunus lusitanica",9202618,"Prunus lusitanica",9202618,"w"
"Tilia platyphyllos",9202064,"Tilia platyphyllos",9202064,"w"
